{
    "2": [
        {
            "x": 0.6332405811397344,
            "y": -0.30270233413681424
        },
        {
            "x": 0.011472366154276159,
            "y": 0.013534816190102106
        },
        {
            "x": 0.00040493049362877453,
            "y": 6.194675906387448e-06
        }
    ],
    "3": [
        {
            "x": -8.837267741412177,
            "y": 13.219606683599846
        }
    ],
    "4": [
        {
            "x": 0.0,
            "y": 0.0
        }
    ],
    "5": [
        {
            "x": -0.16889710116976175,
            "y": 0.0
        }
    ],
    "1": [
        {
            "x": 0.14677791149814395,
            "y": 0.003804207386563222
        }
    ],
    "6": [
        {
            "x": 0.1801034702494137,
            "y": 0.004559224986140195
        }
    ],
    "7": [
        {
            "x": 0.0,
            "y": 0.0
        }
    ],
    "8": [
        {
            "x": 0.0,
            "y": 0.0
        },
        {
            "x": -0.24420365420847098,
            "y": 0.0
        }
    ]
}