{
    "1": [
        {
            "x": 0.0,
            "y": 0.0
        },
        {   
            "x": -0.13486377008204187,
            "y": 0.06754675302181212
        },
        {
            "x": -0.17488459845244808,
            "y": 0.0
        }
    ],
    "2": [
        {
            "x": 0.6332405811397344,
            "y": -0.30270233413681424
        },
        {
            "x": 0.011472366154276159,
            "y": 0.013534816190102106
        }
    ],
    "3": [
        {
            "x": -8.837267741412177,
            "y": 13.219606683599846
        }
    ],
    "4": [
        {
            "x": 0.0,
            "y": 0.0
        }
    ],
    "5": [
        {
            "x": -0.16889710116976175,
            "y": 0.0
        }
    ]
}